name,mainCategory,subCategory,image,link,ratings,noOfRatings,discountPrice,actualPrice,category
Amul Taaza Fresh Toned Milk 500ml,grocery & gourmet foods,All Grocery,https://www.bbassets.com/media/uploads/p/l/40090894_7-amul-taaza.jpg,https://www.amazon.in/dp/B0000001,4.5,12450,26,27,milk
Mother Dairy Toned Milk 1L,grocery & gourmet foods,All Grocery,https://milkkart.in/wp-content/uploads/2025/01/mother-dairy-toned-milk-1-l-pouch-product-images-o491614849-p590049243-0-202203170616.webp,https://www.amazon.in/dp/B0000002,4.4,8920,52,54,milk
Amul Gold Full Cream Milk 1L,grocery & gourmet foods,All Grocery,https://m.media-amazon.com/images/I/813FcX3UOSL._SX569_.jpg,https://www.amazon.in/dp/B0000003,4.6,9840,64,66,milk
Nandini Toned Milk 500ml,grocery & gourmet foods,All Grocery,https://bhoomifresh.com/image/cache/catalog/Milk%20and%20Dairy%20Product/nandini%20pasteurised%20toned%20milk%20500ml-1100x1100.png,https://www.amazon.in/dp/B0000004,4.3,3410,24,25,milk
Mother Dairy Full Cream Milk 500ml,grocery & gourmet foods,All Grocery,https://www.bbassets.com/media/uploads/p/l/40147028_6-mother-dairy-full-cream-milk.jpg,https://www.amazon.in/dp/B0000005,4.5,4120,32,33,milk
Country Delight Cow Milk 1L,grocery & gourmet foods,All Grocery,https://encrypted-tbn3.gstatic.com/shopping?q=tbn:ANd9GcSoo60AOgNXUFKu4peJd2z0tY66GDKU544B0L8pOKIlwzzFKP_v0HLkWW1BHByN_UDQjqAWCcjgRWnn9lIatko9e4aZ8Pswg1kTu_paN6w21FHppqa8P0EE,https://www.amazon.in/dp/B0000006,4.7,5620,78,80,milk
Nestle a2 Milk 1L,grocery & gourmet foods,All Grocery,https://www.bbassets.com/media/uploads/p/l/100011680_12-nestle-a-nourish-toned-milk.jpg,https://www.amazon.in/dp/B0000007,4.4,1150,95,99,milk
Britannia Cow Milk 1L,grocery & gourmet foods,All Grocery,https://rukminim2.flixcart.com/image/1536/1536/kah413k0/milk/e/n/e/1000-tetrapack-toned-britannia-original-imafsfhmuw99uywk.jpeg?q=90,https://www.amazon.in/dp/B0000008,4.2,2100,72,75,milk
Akshayakalpa Organic Cow Milk 1L,grocery & gourmet foods,All Grocery,https://m.media-amazon.com/images/I/41MUlLuuybL._SY300_SX300_QL70_FMwebp_.jpg,https://www.amazon.in/dp/B0000009,4.6,1890,85,90,milk
Heritage Toned Milk 500ml,grocery & gourmet foods,All Grocery,https://external-content.duckduckgo.com/iu/?u=https%3A%2F%2Fm.media-amazon.com%2Fimages%2FI%2F815V9EawbJL._SX679_.jpg&f=1&nofb=1&ipt=99f38843c4b805f767cda798eefdbc8a166ce48df86752dac55e208abd1ce869,https://www.amazon.in/dp/B0000010,4.1,890,25,26,milk
Cavin's UHT Double Toned Milk 1L,grocery & gourmet foods,All Grocery,https://m.media-amazon.com/images/I/71MuS6obDqL._SX569_.jpg,https://www.amazon.in/dp/B0000011,4.3,1320,68,70,milk
Go Milk UHT Toned Milk 1L,grocery & gourmet foods,All Grocery,https://m.media-amazon.com/images/I/41IdBK3z2kL._SY300_SX300_QL70_FMwebp_.jpg,https://www.amazon.in/dp/B0000012,4.2,950,65,68,milk
Fresho Onion 1kg,grocery & gourmet foods,All Grocery,https://d91ztqmtx7u1k.cloudfront.net/ClientContent/Images/ExtraLarge/50-kg-fresh-red-onion-onion-s-20260313185349285.webp,https://www.amazon.in/dp/B0000023,4.1,16800,42,55,onion
Fresho Onion 2kg,grocery & gourmet foods,All Grocery,https://d91ztqmtx7u1k.cloudfront.net/ClientContent/Images/ExtraLarge/50-kg-fresh-red-onion-onion-s-20260313185349285.webp,https://www.amazon.in/dp/B0000024,4.0,9840,80,105,onion
Organic Onion 1kg,grocery & gourmet foods,All Grocery,https://d91ztqmtx7u1k.cloudfront.net/ClientContent/Images/ExtraLarge/50-kg-fresh-red-onion-onion-s-20260313185349285.webp,https://www.amazon.in/dp/B0000025,4.3,2540,56,70,onion
Sambhar Small Onion 250g,grocery & gourmet foods,All Grocery,https://d91ztqmtx7u1k.cloudfront.net/ClientContent/Images/ExtraLarge/50-kg-fresh-red-onion-onion-s-20260313185349285.webp,https://www.amazon.in/dp/B0000026,4.2,4120,38,50,onion
Red Onion 1kg,grocery & gourmet foods,All Grocery,https://d91ztqmtx7u1k.cloudfront.net/ClientContent/Images/ExtraLarge/50-kg-fresh-red-onion-onion-s-20260313185349285.webp,https://www.amazon.in/dp/B0000027,4.1,3800,45,60,onion
White Onion 1kg,grocery & gourmet foods,All Grocery,https://encrypted-tbn0.gstatic.com/images?q=tbn:ANd9GcShuqJyAiXFyYPOQUqRnX343lW_ZkKsRJD2kQ&s,https://www.amazon.in/dp/B0000028,3.9,1120,65,80,onion
Fresho Onion 5kg,grocery & gourmet foods,All Grocery,https://d91ztqmtx7u1k.cloudfront.net/ClientContent/Images/ExtraLarge/50-kg-fresh-red-onion-onion-s-20260313185349285.webp,https://www.amazon.in/dp/B0000029,4.2,4920,190,250,onion
Spring Onion with Roots 100g,grocery & gourmet foods,All Grocery,https://d91ztqmtx7u1k.cloudfront.net/ClientContent/Images/ExtraLarge/50-kg-fresh-red-onion-onion-s-20260313185349285.webp,https://www.amazon.in/dp/B0000030,4.3,3100,15,20,onion
Organic Red Onion 1kg,grocery & gourmet foods,All Grocery,https://d91ztqmtx7u1k.cloudfront.net/ClientContent/Images/ExtraLarge/50-kg-fresh-red-onion-onion-s-20260313185349285.webp,https://www.amazon.in/dp/B0000031,4.4,1650,58,75,onion
Baby Onion 500g,grocery & gourmet foods,All Grocery,https://d91ztqmtx7u1k.cloudfront.net/ClientContent/Images/ExtraLarge/50-kg-fresh-red-onion-onion-s-20260313185349285.webp,https://www.amazon.in/dp/B0000032,4.0,1850,28,38,onion
Fresho Tomato - Local 1kg,grocery & gourmet foods,All Grocery,https://foodcare.in/cdn/shop/files/tomatoes-canva_x440.webp?v=1768271474,https://www.amazon.in/dp/B0000033,4.0,15200,38,55,tomato
Fresho Tomato - Hybrid 1kg,grocery & gourmet foods,All Grocery,https://foodcare.in/cdn/shop/files/tomatoes-canva_x440.webp?v=1768271474,https://www.amazon.in/dp/B0000034,4.1,11400,42,60,tomato
Organic Tomato - Local 1kg,grocery & gourmet foods,All Grocery,https://foodcare.in/cdn/shop/files/tomatoes-canva_x440.webp?v=1768271474,https://www.amazon.in/dp/B0000035,4.3,2850,54,75,tomato
Cherry Tomato 250g,grocery & gourmet foods,All Grocery,https://foodcare.in/cdn/shop/files/tomatoes-canva_x440.webp?v=1768271474,https://www.amazon.in/dp/B0000036,4.2,3900,35,45,tomato
Fresho Tomato - Local 500g,grocery & gourmet foods,All Grocery,https://foodcare.in/cdn/shop/files/tomatoes-canva_x440.webp?v=1768271474,https://www.amazon.in/dp/B0000037,4.0,4200,20,30,tomato
Fresho Tomato - Hybrid 500g,grocery & gourmet foods,All Grocery,https://foodcare.in/cdn/shop/files/tomatoes-canva_x440.webp?v=1768271474,https://www.amazon.in/dp/B0000038,4.1,3800,22,32,tomato
Organic Cherry Tomato 250g,grocery & gourmet foods,All Grocery,https://foodcare.in/cdn/shop/files/tomatoes-canva_x440.webp?v=1768271474,https://www.amazon.in/dp/B0000039,4.4,1200,45,60,tomato
Organic Tomato - Hybrid 1kg,grocery & gourmet foods,All Grocery,https://foodcare.in/cdn/shop/files/tomatoes-canva_x440.webp?v=1768271474,https://www.amazon.in/dp/B0000040,4.3,1950,58,80,tomato
Safal Frozen Tomato Puree 200g,grocery & gourmet foods,All Grocery,https://foodcare.in/cdn/shop/files/tomatoes-canva_x440.webp?v=1768271474,https://www.amazon.in/dp/B0000041,4.2,2600,28,35,tomato
Freshly Picked Vine Tomato 500g,grocery & gourmet foods,All Grocery,https://foodcare.in/cdn/shop/files/tomatoes-canva_x440.webp?v=1768271474,https://www.amazon.in/dp/B0000042,4.1,950,45,55,tomato
Fresho Apple - Royal Gala 4 units,grocery & gourmet foods,All Grocery,https://encrypted-tbn0.gstatic.com/images?q=tbn:ANd9GcQue6SL_7CnvUZ9nDyxlUGRNYUHLzJblafrMw&s,https://www.amazon.in/dp/B0000043,4.2,7350,145,180,apple
Apple - Red Delicious 4 units,grocery & gourmet foods,All Grocery,https://encrypted-tbn0.gstatic.com/images?q=tbn:ANd9GcQue6SL_7CnvUZ9nDyxlUGRNYUHLzJblafrMw&s,https://www.amazon.in/dp/B0000044,4.1,6200,135,170,apple
Apple - Fuji 4 units,grocery & gourmet foods,All Grocery,https://encrypted-tbn0.gstatic.com/images?q=tbn:ANd9GcQue6SL_7CnvUZ9nDyxlUGRNYUHLzJblafrMw&s,https://www.amazon.in/dp/B0000045,4.3,3100,160,200,apple
Apple - Shimla 1kg,grocery & gourmet foods,All Grocery,https://encrypted-tbn0.gstatic.com/images?q=tbn:ANd9GcQue6SL_7CnvUZ9nDyxlUGRNYUHLzJblafrMw&s,https://www.amazon.in/dp/B0000046,4.0,9100,150,190,apple
Apple - Green 4 units,grocery & gourmet foods,All Grocery,https://encrypted-tbn0.gstatic.com/images?q=tbn:ANd9GcQue6SL_7CnvUZ9nDyxlUGRNYUHLzJblafrMw&s,https://www.amazon.in/dp/B0000047,4.2,4200,185,220,apple
Organic Apple - Shimla 1kg,grocery & gourmet foods,All Grocery,https://encrypted-tbn0.gstatic.com/images?q=tbn:ANd9GcQue6SL_7CnvUZ9nDyxlUGRNYUHLzJblafrMw&s,https://www.amazon.in/dp/B0000048,4.4,1800,199,250,apple
Apple - Kinnaur 1kg,grocery & gourmet foods,All Grocery,https://encrypted-tbn0.gstatic.com/images?q=tbn:ANd9GcQue6SL_7CnvUZ9nDyxlUGRNYUHLzJblafrMw&s,https://www.amazon.in/dp/B0000049,4.2,2600,165,210,apple
Imported Royal Gala Apple 1kg,grocery & gourmet foods,All Grocery,https://encrypted-tbn0.gstatic.com/images?q=tbn:ANd9GcQue6SL_7CnvUZ9nDyxlUGRNYUHLzJblafrMw&s,https://www.amazon.in/dp/B0000050,4.3,3800,240,299,apple
Apple - Granny Smith 4 units,grocery & gourmet foods,All Grocery,https://encrypted-tbn0.gstatic.com/images?q=tbn:ANd9GcQue6SL_7CnvUZ9nDyxlUGRNYUHLzJblafrMw&s,https://www.amazon.in/dp/B0000051,4.1,1500,175,215,apple
Fresh Apple Washington Red 4 units,grocery & gourmet foods,All Grocery,https://encrypted-tbn0.gstatic.com/images?q=tbn:ANd9GcQue6SL_7CnvUZ9nDyxlUGRNYUHLzJblafrMw&s,https://www.amazon.in/dp/B0000052,4.3,1900,195,240,apple
Fresho Banana - Robusta 1kg,grocery & gourmet foods,All Grocery,https://nutritionsource.hsph.harvard.edu/wp-content/uploads/2018/08/bananas-1354785_1920-1024x683.jpg,https://www.amazon.in/dp/B0000053,4.2,12500,55,75,banana
Banana - Yelakki 500g,grocery & gourmet foods,All Grocery,https://nutritionsource.hsph.harvard.edu/wp-content/uploads/2018/08/bananas-1354785_1920-1024x683.jpg,https://www.amazon.in/dp/B0000054,4.4,6800,60,80,banana
Banana - Red 500g,grocery & gourmet foods,All Grocery,https://nutritionsource.hsph.harvard.edu/wp-content/uploads/2018/08/bananas-1354785_1920-1024x683.jpg,https://www.amazon.in/dp/B0000055,4.0,1800,75,95,banana
Organic Banana - Robusta 1kg,grocery & gourmet foods,All Grocery,https://nutritionsource.hsph.harvard.edu/wp-content/uploads/2018/08/bananas-1354785_1920-1024x683.jpg,https://www.amazon.in/dp/B0000056,4.3,3200,70,90,banana
Banana - Nendran 500g,grocery & gourmet foods,All Grocery,https://nutritionsource.hsph.harvard.edu/wp-content/uploads/2018/08/bananas-1354785_1920-1024x683.jpg,https://www.amazon.in/dp/B0000057,4.1,2100,58,75,banana
Green Banana Raw 500g,grocery & gourmet foods,All Grocery,https://nutritionsource.hsph.harvard.edu/wp-content/uploads/2018/08/bananas-1354785_1920-1024x683.jpg,https://www.amazon.in/dp/B0000058,4.0,1500,28,35,banana
Banana - Elaichi 500g,grocery & gourmet foods,All Grocery,https://nutritionsource.hsph.harvard.edu/wp-content/uploads/2018/08/bananas-1354785_1920-1024x683.jpg,https://www.amazon.in/dp/B0000059,4.3,3400,65,85,banana
Organic Banana - Yelakki 500g,grocery & gourmet foods,All Grocery,https://nutritionsource.hsph.harvard.edu/wp-content/uploads/2018/08/bananas-1354785_1920-1024x683.jpg,https://www.amazon.in/dp/B0000060,4.5,1600,78,98,banana
Fresh Banana Robusta 6 units,grocery & gourmet foods,All Grocery,https://nutritionsource.hsph.harvard.edu/wp-content/uploads/2018/08/bananas-1354785_1920-1024x683.jpg,https://www.amazon.in/dp/B0000061,4.2,5100,38,50,banana
Raw Banana 1kg,grocery & gourmet foods,All Grocery,https://www.starquik.com/cdn/shop/files/1008725_871a4ea9-2329-4b99-974e-362ffc17a418.jpg?v=1779259934&width=416,https://www.amazon.in/dp/B0000062,3.9,1800,45,60,banana
Cadbury Dairy Milk Chocolate Home Pack 126g,grocery & gourmet foods,All Grocery,https://m.media-amazon.com/images/I/61FcLovf3mL._SX679_.jpg,https://www.amazon.in/dp/B0000145,4.6,15200,92,100,chocolate
Cadbury Dairy Milk Silk Chocolate 150g,grocery & gourmet foods,All Grocery,https://m.media-amazon.com/images/I/410dwX6xrbL._SY300_SX300_QL70_FMwebp_.jpg,https://www.amazon.in/dp/B0000146,4.6,12400,165,175,chocolate
Nestle KitKat 4 Finger Chocolate 38g,grocery & gourmet foods,All Grocery,https://www.bbassets.com/media/uploads/p/l/40018531_73-nestle-kitkat-crispy-wafer-bar.jpg,https://www.amazon.in/dp/B0000147,4.5,11200,28,30,chocolate
Amul Dark Chocolate 150g,grocery & gourmet foods,All Grocery,https://shop.amul.com/s/62fa94df8c13af2e242eba16/66892dbe7a7dfd8710e7d86b/01-hero-image_amul-chocolate-dark-chocolate-55percent-pack-of-2-1024x1024.png,https://www.amazon.in/dp/B0000148,4.4,8900,110,120,chocolate
Snickers Peanut Chocolate Bar 50g,grocery & gourmet foods,All Grocery,https://m.media-amazon.com/images/I/51OYk8leeiL._SY300_SX300_QL70_FMwebp_.jpg,https://www.amazon.in/dp/B0000149,4.4,7500,45,50,chocolate
Ferrero Rocher Premium Chocolates 24 Pieces,grocery & gourmet foods,All Grocery,https://encrypted-tbn2.gstatic.com/shopping?q=tbn:ANd9GcSd7hLBUK_js_31rSJmbVdWbmWVPf51_9D_pLRyLFl9eYNi1YK3YE7NrVWXpD4EjF1VEzODnJPZkTm_X55RLiT_m0JNpj7Jrw,https://www.amazon.in/dp/B0000150,4.8,3200,899,999,chocolate
Cadbury 5 Star Chocolate Bar 40g,grocery & gourmet foods,All Grocery,https://m.media-amazon.com/images/I/618fySthK8L.jpg,https://www.amazon.in/dp/B0000151,4.3,6400,18,20,chocolate
Amul Fruit & Nut Dark Chocolate 150g,grocery & gourmet foods,All Grocery,https://m.media-amazon.com/images/I/81lJPzUIIcL.jpg,https://www.amazon.in/dp/B0000152,4.5,4100,125,140,chocolate
Nestle Munch Chocolate Bar 10g,grocery & gourmet foods,All Grocery,https://bazaar5.com/image/cache/catalog/pro/product/apiData/b01mrfif28-nestle-munch-crunchilicious-milk-chocolate-48pc-box-pack-0-320x320w.jpg,https://www.amazon.in/dp/B0000153,4.2,4900,9,10,chocolate
Hershey's Milk Chocolate Bar 40g,grocery & gourmet foods,All Grocery,"https://m.media-amazon.com/images/I/71776YJLlOL._AC_UF894,1000_QL80_.jpg",https://www.amazon.in/dp/B0000154,4.4,1800,55,60,chocolate
Cadbury Temptations Almond Treat Chocolate 72g,grocery & gourmet foods,All Grocery,https://encrypted-tbn0.gstatic.com/images?q=tbn:ANd9GcRAwdtH_XGCwKXNVGuBk7b6Xp2QSL9v7-o4IQ&s,https://www.amazon.in/dp/B0000155,4.5,2100,92,100,chocolate
Galaxy Smooth Milk Chocolate Bar 56g,grocery & gourmet foods,All Grocery,https://encrypted-tbn0.gstatic.com/images?q=tbn:ANd9GcQH0EOjDo-SrcmiLkRsmIBhLIdX6gRWVrlp3g&s,https://www.amazon.in/dp/B0000156,4.4,1500,62,70,chocolate
Cadbury Dairy Milk Fruit and Nut Chocolate 36g,grocery & gourmet foods,All Grocery,"https://m.media-amazon.com/images/I/51BBgC4SwBL._AC_UF894,1000_QL80_.jpg",https://www.amazon.in/dp/B0000157,4.4,3100,42,45,chocolate
Amul Milk Chocolate 150g,grocery & gourmet foods,All Grocery,"https://images-eu.ssl-images-amazon.com/images/I/81Rz8SxtiJL._AC_UL495_SR435,495_.jpg",https://www.amazon.in/dp/B0000158,4.3,1900,95,100,chocolate
Nestle Milkybar White Chocolate 45g,grocery & gourmet foods,All Grocery,"https://cdn.grofers.com/cdn-cgi/image/f=auto,fit=scale-down,q=70,metadata=none,w=1080/da/cms-assets/cms/product/rc-upload-1771598525494-1880.png?bg_token=color.background.quaternary",https://www.amazon.in/dp/B0000159,4.3,2400,28,30,chocolate
Lay's American Style Cream & Onion Potato Chips 50g,grocery & gourmet foods,All Grocery,https://m.media-amazon.com/images/I/51rmheif4sL.jpg,https://www.amazon.in/dp/B0000182,4.3,16500,18,20,chips
Lay's Classic Salted Potato Chips 50g,grocery & gourmet foods,All Grocery,https://www.vridhistores.com/uploads/2024/Jun/products/17189687783148.jpg,https://www.amazon.in/dp/B0000183,4.2,14200,18,20,chips
Lay's India's Magic Masala Potato Chips 50g,grocery & gourmet foods,All Grocery,https://encrypted-tbn0.gstatic.com/images?q=tbn:ANd9GcSokCVXAmFYSSsaHijoGe9Gg5TARauibq_aDg&s,https://www.amazon.in/dp/B0000184,4.3,18500,18,20,chips
Lay's Spanish Tomato Tango Potato Chips 50g,grocery & gourmet foods,All Grocery,"https://m.media-amazon.com/images/I/71QF4pdi6QL._AC_UF894,1000_QL80_.jpg",https://www.amazon.in/dp/B0000185,4.2,9500,18,20,chips
Pringles Sour Cream & Onion Potato Chips 107g,grocery & gourmet foods,All Grocery,https://www.bbassets.com/media/uploads/p/l/100006683_35-pringles-sour-cream-onion.jpg,https://www.amazon.in/dp/B0000186,4.4,6200,99,110,chips
Pringles Original Potato Chips 107g,grocery & gourmet foods,All Grocery,https://www.bbassets.com/media/uploads/p/xxl/1204073_12-pringles-potato-crisps-original.jpg,https://www.amazon.in/dp/B0000187,4.3,4800,99,110,chips
Doritos Nacho Cheese Tortilla Chips 150g,grocery & gourmet foods,All Grocery,https://m.media-amazon.com/images/I/71-Hp3FaY2L.jpg,https://www.amazon.in/dp/B0000188,4.4,5300,85,95,chips
Too Yumm! Karare Munchy Masala Chips 75g,grocery & gourmet foods,All Grocery,https://www.mystore.in/s/62ea2c599d1398fa16dbae0a/67b34ced53491a81c8e11a39/8906090572132_1.png,https://www.amazon.in/dp/B0000189,4.1,3100,32,35,chips
Bingo! Tedhe Medhe Masala Tadka Chips 100g,grocery & gourmet foods,All Grocery,https://m.media-amazon.com/images/I/71e9pUGU4tL.jpg,https://www.amazon.in/dp/B0000190,4.2,2800,45,50,chips
Lay's Hot 'n' Sweet Chilli Potato Chips 50g,grocery & gourmet foods,All Grocery,https://m.media-amazon.com/images/I/51pL62tEGVL.jpg,https://www.amazon.in/dp/B0000191,4.2,1900,18,20,chips
Pringles Desi Masala Tadka Chips 107g,grocery & gourmet foods,All Grocery,https://www.bbassets.com/media/uploads/p/l/40183109_13-pringles-chips-desi-masala-tadka.jpg,https://www.amazon.in/dp/B0000192,4.3,1100,99,110,chips
Bingo! Mad Angles Tomato Madness Chips 80g,grocery & gourmet foods,All Grocery,https://m.media-amazon.com/images/I/71YI4+PP4fL.jpg,https://www.amazon.in/dp/B0000193,4.1,1500,35,40,chips
Amul Malai Paneer Block 200g,grocery & gourmet foods,All Grocery,https://encrypted-tbn0.gstatic.com/images?q=tbn:ANd9GcQWSO6Rt1g9zeZtn02WCMil2ptKZsStxOINvA&s,https://www.amazon.in/dp/B0000206,4.5,12400,82,85,paneer
Mother Dairy Classic Paneer Block 200g,grocery & gourmet foods,All Grocery,https://encrypted-tbn0.gstatic.com/images?q=tbn:ANd9GcSNlVFDQNSywdudnZzsqMANYdP4L90KnaCLdw&s,https://www.amazon.in/dp/B0000207,4.4,8500,84,88,paneer
Milky Mist Fresh Paneer Block 200g,grocery & gourmet foods,All Grocery,https://www.bbassets.com/media/uploads/p/l/264679_6-milky-mist-paneer-premium-fresh.jpg,https://www.amazon.in/dp/B0000208,4.4,6200,92,98,paneer
Nandini Fresh Paneer 200g,grocery & gourmet foods,All Grocery,https://encrypted-tbn0.gstatic.com/images?q=tbn:ANd9GcTNXvX-DJZZXpqT-yA4_si_PlL2fkBdJisItg&s,https://www.amazon.in/dp/B0000209,4.2,3100,78,82,paneer
ID Natural Creamy Paneer 200g,grocery & gourmet foods,All Grocery,https://m.media-amazon.com/images/I/61lEMKXZCHL.jpg,https://www.amazon.in/dp/B0000210,4.4,1900,105,115,paneer
Amul Fresh Malai Paneer 1kg,grocery & gourmet foods,All Grocery,https://www.bbassets.com/media/uploads/p/l/40096749_5-amul-malai-fresh-paneer.jpg,https://www.amazon.in/dp/B0000211,4.5,4200,380,410,paneer
Mother Dairy Fresh Paneer Block 400g,grocery & gourmet foods,All Grocery,https://www.bbassets.com/media/uploads/p/xl/900458772_2-mother-dairy-paneer.jpg,https://www.amazon.in/dp/B0000212,4.3,2800,165,176,paneer
Gowardhan Fresh Paneer Block 200g,grocery & gourmet foods,All Grocery,https://www.bbassets.com/media/uploads/p/xl/40005958_3-gowardhan-fresh-paneer-classic-block.jpg,https://www.amazon.in/dp/B0000213,4.1,1100,82,88,paneer
Organic Tattva Organic Paneer Block 200g,grocery & gourmet foods,All Grocery,https://theorganicworld.com/storage/app/public/product/thumbnail/2024-08-12-66b9fafc24838.png,https://www.amazon.in/dp/B0000214,4.3,950,135,150,paneer
Milky Mist Premium Fresh Paneer Block 500g,grocery & gourmet foods,All Grocery,https://www.bbassets.com/media/uploads/p/l/40003150_5-milky-mist-paneer-premium-fresh.jpg,https://www.amazon.in/dp/B0000215,4.4,1500,215,230,paneer
Fortune Soya Health Refined Soyabean Oil 1L,grocery & gourmet foods,All Grocery,https://m.media-amazon.com/images/I/51GyUUKe-0L.jpg,https://www.amazon.in/dp/B0000285,4.3,18200,125,140,cooking oil
Saffola Gold Refined Cooking Oil 5L,grocery & gourmet foods,All Grocery,https://www.bbassets.com/media/uploads/p/l/147493_20-saffola-gold-refined-cooking-oil-blended-rice-bran-sunflower-oil-helps-keeps-heart-healthy.jpg,https://www.amazon.in/dp/B0000286,4.5,15200,850,950,cooking oil
Fortune Sunlite Refined Sunflower Oil 1L,grocery & gourmet foods,All Grocery,https://m.media-amazon.com/images/I/41wYtZkL69L.jpg,https://www.amazon.in/dp/B0000287,4.3,9100,135,155,cooking oil
Saffola Active Refined Cooking Oil 5L,grocery & gourmet foods,All Grocery,https://encrypted-tbn0.gstatic.com/images?q=tbn:ANd9GcRxuCcWEv34tz1W1rqvCMk6-x59TC8w630diw&s,https://www.amazon.in/dp/B0000288,4.4,6200,799,890,cooking oil
Dhara Refined Soyabean Oil 1L,grocery & gourmet foods,All Grocery,https://www.bbassets.com/media/uploads/p/xl/70001273_10-dhara-fit-n-fine-soyabean-oil.jpg,https://www.amazon.in/dp/B0000289,4.2,4300,120,135,cooking oil
Fortune Sunlite Refined Sunflower Oil 5L,grocery & gourmet foods,All Grocery,https://encrypted-tbn0.gstatic.com/images?q=tbn:ANd9GcQs0d5c5tAFiL1uENkYINERwmQft3OiBFgzsg&s,https://www.amazon.in/dp/B0000290,4.4,5200,699,775,cooking oil
Gemini Refined Sunflower Oil 1L,grocery & gourmet foods,All Grocery,https://encrypted-tbn0.gstatic.com/images?q=tbn:ANd9GcRY5eytxD5ssrngqruo9P3kcaiVVThrCx0R_w&s,https://www.amazon.in/dp/B0000291,4.1,3100,130,145,cooking oil
Saffola Tasty Refined Cooking Oil 5L,grocery & gourmet foods,All Grocery,https://encrypted-tbn0.gstatic.com/images?q=tbn:ANd9GcTZRlnEtYiXYgZ51mtIibjpvJ_61vx-NBslMw&s,https://www.amazon.in/dp/B0000292,4.3,3800,780,870,cooking oil
Fortune Soya Health Refined Soyabean Oil 5L,grocery & gourmet foods,All Grocery,"https://images-eu.ssl-images-amazon.com/images/I/71iUcJCOR-L._AC_UL495_SR435,495_.jpg",https://www.amazon.in/dp/B0000293,4.3,2800,630,710,cooking oil
Sundrop Superlite Refined Sunflower Oil 5L,grocery & gourmet foods,All Grocery,https://m.media-amazon.com/images/I/71z6I2L2LyL.jpg,https://www.amazon.in/dp/B0000294,4.2,1900,750,845,cooking oil
Dhara Refined Sunflower Oil 1L,grocery & gourmet foods,All Grocery,"https://m.media-amazon.com/images/I/71Y+qUZqBCL._AC_UF894,1000_QL80_.jpg",https://www.amazon.in/dp/B0000295,4.2,1200,135,150,cooking oil
Saffola Total Refined Cooking Oil 5L,grocery & gourmet foods,All Grocery,https://encrypted-tbn0.gstatic.com/images?q=tbn:ANd9GcRPtQ-K2uUrnN19Ocqqecidhk7k44tMVbYP_g&s,https://www.amazon.in/dp/B0000296,4.5,1500,899,990,cooking oil
Gemini Refined Sunflower Oil 5L,grocery & gourmet foods,All Grocery,https://encrypted-tbn0.gstatic.com/images?q=tbn:ANd9GcRjh1KmzlrPhokejkgzvBigjLtAaIHR9CVj3A&s,https://www.amazon.in/dp/B0000297,4.2,1100,670,750,cooking oil
Dhara Refined Sunflower Oil 5L,grocery & gourmet foods,All Grocery,https://m.media-amazon.com/images/I/71yV5wIS1bL.jpg,https://www.amazon.in/dp/B0000298,4.3,1300,685,765,cooking oil
Fortune Cottonseed Oil 1L,grocery & gourmet foods,All Grocery,https://5.imimg.com/data5/SELLER/Default/2023/3/295527689/EK/TC/OS/22756673/1-liter-fortune-cotton-lite-refined-cottonseed-oil.jpg,https://www.amazon.in/dp/B0000299,4.0,950,120,135,cooking oil
Amul Masti Spiced Curd 200g,grocery & gourmet foods,All Grocery,https://www.bbassets.com/media/uploads/p/l/30000356_4-amul-masti-dahi.jpg,https://www.amazon.in/dp/B0000322,4.4,6200,28,30,curd
Mother Dairy Classic Curd 400g,grocery & gourmet foods,All Grocery,https://m.media-amazon.com/images/I/61ShbpBieaL._SX679_.jpg,https://www.amazon.in/dp/B0000323,4.3,5100,42,45,curd
Nestle a+ Nourish Dahi 400g,grocery & gourmet foods,All Grocery,https://encrypted-tbn1.gstatic.com/shopping?q=tbn:ANd9GcSijudgFJsI8-5IYcBlOhdfgA8FsiFK-qLh3DdTKFlAHHJtlE1AvytjwXWyB8ejSoTGQMXeCwM1ryTHQairhRbkymNuEhur,https://www.amazon.in/dp/B0000324,4.4,4300,65,70,curd
Amul Masti Spiced Curd 400g,grocery & gourmet foods,All Grocery,https://www.bbassets.com/media/uploads/p/xl/277878_7-milky-mist-curd-farm-fresh.jpg,https://www.amazon.in/dp/B0000325,4.3,3200,52,55,curd
Milky Mist Farm Fresh Curd 400g,grocery & gourmet foods,All Grocery,https://m.media-amazon.com/images/I/41CrRs3QSHL._SY300_SX300_QL70_FMwebp_.jpg,https://www.amazon.in/dp/B0000326,4.4,2100,58,62,curd
Nandini Pure Thick Curd 500g,grocery & gourmet foods,All Grocery,https://encrypted-tbn0.gstatic.com/images?q=tbn:ANd9GcSaSlATxGMMs_PqidwCgYDKv46-usSfbySncg&s,https://www.amazon.in/dp/B0000327,4.2,1800,48,50,curd
Mother Dairy Classic Curd 200g,grocery & gourmet foods,All Grocery,"https://instamart-media-assets.swiggy.com/swiggy/image/upload/fl_lossy,f_auto,q_auto,h_600/NI_CATALOG/IMAGES/ciw/2025/12/17/437dbfe9-5d9b-44ca-8936-96f6f290799a_W40WMM0LMI_MN_17122025.png",https://www.amazon.in/dp/B0000328,4.2,1200,24,25,curd
ID Natural Creamy Thick Curd 400g,grocery & gourmet foods,All Grocery,https://www.bbassets.com/media/uploads/p/l/40202190_1-id-creamy-thick-curd.jpg,https://www.amazon.in/dp/B0000329,4.4,1100,64,70,curd
Milky Mist Premium Curd 1kg,grocery & gourmet foods,All Grocery,https://www.bbassets.com/media/uploads/p/l/40003156_9-milky-mist-natural-set-curd.jpg,https://www.amazon.in/dp/B0000330,4.3,1300,125,135,curd
Amul Premium Curd Carton 1kg,grocery & gourmet foods,All Grocery,https://www.bbassets.com/media/uploads/p/xl/40314835_1-amul-premium-dahi.jpg,https://www.amazon.in/dp/B0000331,4.4,1500,115,125,curd
Britannia Gobbles Fruity Cake 110g,grocery & gourmet foods,All Grocery,https://www.bbassets.com/media/uploads/p/l/40260393_1-britannia-gobbles-bar-cake-choco-chill-soft-fluffy-snack.jpg,https://www.amazon.in/dp/B0000404,4.2,6200,23,25,cake
Britannia Gobbles Choco Chip Cake 110g,grocery & gourmet foods,All Grocery,https://www.bbassets.com/media/uploads/p/l/40260393_1-britannia-gobbles-bar-cake-choco-chill-soft-fluffy-snack.jpg,https://www.amazon.in/dp/B0000405,4.3,5100,23,25,cake
Elite Plum Cake Rich Premium 400g,grocery & gourmet foods,All Grocery,https://i0.wp.com/elitefoods.co.in/img/product/plum-cakes/Rich%20Plum%20Cake%20300g%20-%208906009991160%20-%20Front.png?w=1000,https://www.amazon.in/dp/B0000406,4.4,1900,185,220,cake
Britannia Choco Muffils Cake 120g,grocery & gourmet foods,All Grocery,https://www.bbassets.com/media/uploads/p/xxl/40075053-2_5-britannia-choco-muffills.jpg,https://www.amazon.in/dp/B0000407,4.2,3100,38,42,cake
Winkies Choco Swiss Roll Cake 150g,grocery & gourmet foods,All Grocery,"https://instamart-media-assets.swiggy.com/swiggy/image/upload/fl_lossy,f_auto,q_auto,h_600/x7vfhbh9kkxybgh0qhvb",https://www.amazon.in/dp/B0000408,4.1,1500,55,65,cake
Britannia Gobbles Orange Cake 110g,grocery & gourmet foods,All Grocery,https://frugivore-bucket.s3.amazonaws.com/media/package/img_one/2020-09-03/Britannia_Gobbles_Orange.jpg,https://www.amazon.in/dp/B0000409,4.1,2800,23,25,cake
Elite Premium Butter Cake 250g,grocery & gourmet foods,All Grocery,https://i0.wp.com/elitefoods.co.in/img/product/2025/butter-6-1.png?w=1000,https://www.amazon.in/dp/B0000410,4.2,1200,110,130,cake
Britannia Gobbles Vanilla Cake 110g,grocery & gourmet foods,All Grocery,https://encrypted-tbn0.gstatic.com/images?q=tbn:ANd9GcSfZrnBJ_aFmIwFr1ibjf1E31APwYv84S6dMg&s,https://www.amazon.in/dp/B0000411,4.1,1800,23,25,cake
Winkies Premium Plum Cake 350g,grocery & gourmet foods,All Grocery,https://www.bbassets.com/media/uploads/p/l/40284281_1-winkies-plum-cake-with-raisins-premium-quality.jpg,https://www.amazon.in/dp/B0000412,4.3,950,165,199,cake
Britannia Treat Croissant Cocoa Cream 45g,grocery & gourmet foods,All Grocery,https://www.bbassets.com/media/uploads/p/l/40167043_10-britannia-treat-croissant-cocoa-creme-roll-100-veg.jpg,https://www.amazon.in/dp/B0000413,4.0,3400,18,20,cake
Coca-Cola Original Taste Soft Drink 300ml,grocery & gourmet foods,All Grocery,https://m.media-amazon.com/images/I/71tTYGmAMGL.jpg,https://www.amazon.in/dp/B0001301,4.4,12500,38,40,cold drink
Pepsi Zero Sugar Soft Drink 300ml,grocery & gourmet foods,All Grocery,https://www.bbassets.com/media/uploads/p/xxl/40327059_4-pepsi-zero-sugar-soft-drink.jpg,https://www.amazon.in/dp/B0001302,4.3,8500,37,40,cold drink
Sprite Lime Flavored Soft Drink 300ml,grocery & gourmet foods,All Grocery,https://www.bbassets.com/media/uploads/p/xxl/276214_10-sprite-soft-drink-lime-flavoured.jpg,https://www.amazon.in/dp/B0001303,4.4,9800,38,40,cold drink
Thums Up Strong Taste Soft Drink 300ml,grocery & gourmet foods,All Grocery,https://encrypted-tbn0.gstatic.com/images?q=tbn:ANd9GcQaIJhLX9bSwQ_th48jwDDm9mzFKkQZOrWbyQ&s,https://www.amazon.in/dp/B0001304,4.5,14200,38,40,cold drink
Fanta Orange Flavoured Soft Drink 300ml,grocery & gourmet foods,All Grocery,https://www.bbassets.com/media/uploads/p/l/100401175_9-fanta-soft-drink-orange-flavoured.jpg,https://www.amazon.in/dp/B0001305,4.2,6100,38,40,cold drink
Limca Lime and Lemoni Soft Drink 300ml,grocery & gourmet foods,All Grocery,https://www.bbassets.com/media/uploads/p/xxl/90436_2-limca-lime-n-limca.jpg,https://www.amazon.in/dp/B0001306,4.3,5100,37,40,cold drink
Tata Sampann Pure Turmeric Powder 200g,grocery & gourmet foods,All Grocery,"https://m.media-amazon.com/images/I/61c+jv2PrNL._AC_UF894,1000_QL80_.jpg",https://www.amazon.in/dp/B0001352,4.4,9200,58,68,turmeric powder
Catch Red Chilli Powder Spiced 200g,grocery & gourmet foods,All Grocery,https://m.media-amazon.com/images/I/61OGcUXXWSL.jpg,https://www.amazon.in/dp/B0001353,4.3,6100,68,78,red chilli powder
Fresho Spicy Green Chilli Local 100g,grocery & gourmet foods,All Grocery,https://www.bbassets.com/media/uploads/p/l/40208677_2-fresho-chilli-dark-green.jpg,https://www.amazon.in/dp/B0001362,4.2,1800,15,22,green chilli
Fresho Premium Exotic Broccoli 1 unit,grocery & gourmet foods,All Grocery,https://encrypted-tbn0.gstatic.com/images?q=tbn:ANd9GcRI5ekhiT1_03TlcAOCKpPCKgKVw93eFYyNLg&s,https://www.amazon.in/dp/B0001369,4.4,1500,68,85,broccoli
Fresho Green Crisp Lettuce 200g,grocery & gourmet foods,All Grocery,https://www.bbassets.com/media/uploads/p/l/40216648_3-fresho-summer-crisp-lettuce-hydroponically-grown-with-live-roots.jpg,https://www.amazon.in/dp/B0001370,4.2,1100,45,55,lettuce
Cycle Three in One Agarbatti Incense Sticks 150g,grocery & gourmet foods,All Grocery,https://encrypted-tbn0.gstatic.com/images?q=tbn:ANd9GcQUvkC7MkSTf129EneUxZQ4vP39SQDecwiAMw&s,https://www.amazon.in/dp/B0001397,4.4,1100,99,120,incense sticks
Mangaldeep Pure Camphor Bhimseni Kapur 50g,grocery & gourmet foods,All Grocery,https://www.bbassets.com/media/uploads/p/l/40341707_2-mangaldeep-sankalph-pooja-camphor-infused-with-bhimseni.jpg,https://www.amazon.in/dp/B0001399,4.5,1400,92,105,camphor
Chavi Safety Matchbox Pack of 10,grocery & gourmet foods,All Grocery,https://dukaan.b-cdn.net/700x700/webp/354666/4587ebdf-dfee-4d2e-9f40-2af423174e5e.png,https://www.amazon.in/dp/B0001400,4.2,1800,18,20,matchbox
Mangaldeep Round Cotton Wicks for Diya 100 units,grocery & gourmet foods,All Grocery,https://encrypted-tbn0.gstatic.com/images?q=tbn:ANd9GcRqYmdTIqH8A7Nsx2ODBAjF7htRAnJ_zxRIsw&s,https://www.amazon.in/dp/B0001401,4.3,1500,28,35,cotton wicks
Puja Diya Brass Pooja Oil Yellow 500ml,grocery & gourmet foods,All Grocery,"https://m.media-amazon.com/images/I/61eXLxMdm4L._AC_UF894,1000_QL80_.jpg",https://www.amazon.in/dp/B0001402,4.2,2100,145,175,pooja oil
Party Disposable White Paper Plates Pack of 25,grocery & gourmet foods,All Grocery,https://luska.in/cdn/shop/files/2_284b0d2a-da47-4e41-a7a0-b3632e962df2.jpg?v=1732694203&width=1445,https://www.amazon.in/dp/B0001452,4.1,6100,65,75,paper plates
Party Disposable Clear Plastic Cups Pack of 50,grocery & gourmet foods,All Grocery,https://i5.walmartimages.com/seo/BagDream-50-Pack-20-oz-Clear-Plastic-Cups-with-Lids-Disposable-Clear-Drink-Cups-with-Lids-for-Party_032e7fba-a4bb-4712-877f-1dcd80bcdfdf.a4f7ee6d4f1a9cefd37f59eebe61d35c.jpeg,https://www.amazon.in/dp/B0001453,4.2,3100,75,85,plastic cups
Coca-Cola Zero Sugar Soft Drink Can 300ml,grocery & gourmet foods,All Grocery,https://m.media-amazon.com/images/I/51HEufUEnVL.jpg,https://www.amazon.in/dp/B0001462,4.4,1400,38,40,cold drink
Diet Coke Refreshing Soft Drink Can 300ml,grocery & gourmet foods,All Grocery,https://www.bbassets.com/media/uploads/p/l/100401162_20-coca-cola-diet-coke-soft-drink.jpg,https://www.amazon.in/dp/B0001463,4.3,1800,38,40,cold drink
Catch Pure Turmeric Powder Spiced 200g,grocery & gourmet foods,All Grocery,https://m.media-amazon.com/images/I/71AK6ErhjhL.jpg,https://www.amazon.in/dp/B0001499,4.3,1500,58,68,turmeric powder
Tata Sampann Kashmiri Red Chilli Powder 200g,grocery & gourmet foods,All Grocery,https://rukminim2.flixcart.com/image/480/640/xif0q/spice-masala/t/s/3/-original-imah6k5rhmdvkhcj.jpeg?q=20,https://www.amazon.in/dp/B0001500,4.4,1800,95,110,red chilli powder
Fresho Organic Green Chilli Local 100g,grocery & gourmet foods,All Grocery,https://www.bbassets.com/media/uploads/p/l/40208677_2-fresho-chilli-dark-green.jpg,https://www.amazon.in/dp/B0001509,4.3,1800,18,25,green chilli
Fresho Premium Exotic Broccoli 500g,grocery & gourmet foods,All Grocery,https://www.bbassets.com/media/uploads/p/l/10000661_7-fresho-broccoli.jpg,https://www.amazon.in/dp/B0001516,4.3,1500,99,120,broccoli
Fresho Green Romaine Lettuce 200g,grocery & gourmet foods,All Grocery,https://www.bbassets.com/media/uploads/p/l/40198821_4-fresho-romaine-lettuce-hydroponically-grown-with-live-roots.jpg,https://www.amazon.in/dp/B0001517,4.2,1100,55,70,lettuce
Mangaldeep Jasmine Agarbatti Incense Sticks 150g,grocery & gourmet foods,All Grocery,https://www.bbassets.com/media/uploads/p/xl/40211001_3-mangaldeep-lo-smoke-incense-sticks-mystic-jasmine-80-less-smoke.jpg,https://www.amazon.in/dp/B0001544,4.4,1100,99,120,incense sticks
Cycle Pure Camphor Bhimseni Kapur 50g,grocery & gourmet foods,All Grocery,https://m.media-amazon.com/images/I/81vlyMapJbL.jpg,https://www.amazon.in/dp/B0001546,4.5,1400,92,105,camphor
Aim Safety Matchbox Pack of 10,grocery & gourmet foods,All Grocery,https://5.imimg.com/data5/SELLER/Default/2022/11/PX/GZ/PN/35806921/815sv-b1aol-sl1500-.jpg,https://www.amazon.in/dp/B0001547,4.2,1800,18,20,matchbox
Cycle Round Cotton Wicks for Diya 100 units,grocery & gourmet foods,All Grocery,"https://m.media-amazon.com/images/I/91LYDBnxz3L._AC_UF1000,1000_QL80_.jpg",https://www.amazon.in/dp/B0001548,4.3,1500,28,35,cotton wicks
Anand Brass Diya Pooja Oil Yellow 500ml,grocery & gourmet foods,All Grocery,https://www.bbassets.com/media/uploads/p/l/40088579_16-om-bhakti-pancha-deepa-oil.jpg,https://www.amazon.in/dp/B0001549,4.2,2100,145,175,pooja oil
Classy Disposable White Paper Plates Pack of 25,grocery & gourmet foods,All Grocery,https://luska.in/cdn/shop/files/2_284b0d2a-da47-4e41-a7a0-b3632e962df2.jpg?v=1732694203&width=1445,https://www.amazon.in/dp/B0001599,4.1,6100,55,65,paper plates
Classy Disposable Clear Plastic Cups Pack of 50,grocery & gourmet foods,All Grocery,https://i5.walmartimages.com/seo/50-Pack-16-oz-Clear-Plastic-Cups-Strawless-Sip-Lids-Disposable-Plastic-Coffee-Cups-Lids-Go-Cups-Iced-Coffee-Smoothies-Soda-Party-Drinks-Bubble-Tea-Co_982c696f-4f77-4d2c-be4d-c16ef98341a2.b445e6c0eb97def661d68778f4d471e4.jpeg,https://www.amazon.in/dp/B0001600,4.2,3100,65,75,plastic cups
Diet Pepsi Soft Drink Can 300ml,grocery & gourmet foods,All Grocery,https://m.media-amazon.com/images/I/61LQTrLmfkL.jpg,https://www.amazon.in/dp/B0001609,4.3,11400,38,40,cold drink
Coca-Cola Original Taste Can 300ml,grocery & gourmet foods,All Grocery,https://m.media-amazon.com/images/I/71tTYGmAMGL.jpg,https://www.amazon.in/dp/B0001610,4.4,18500,38,40,cold drink
Tata Sampann Pure Turmeric Powder Spiced 200g,grocery & gourmet foods,All Grocery,https://m.media-amazon.com/images/I/61c+jv2PrNL.jpg,https://www.amazon.in/dp/B0001646,4.3,1800,58,68,turmeric powder
Catch Kashmiri Red Chilli Powder 200g,grocery & gourmet foods,All Grocery,"https://m.media-amazon.com/images/I/61GfAp23bYL._AC_UF894,1000_QL80_.jpg",https://www.amazon.in/dp/B0001647,4.4,1500,95,110,red chilli powder
Tata Sampann Kashmiri Red Chilli Powder 100g,grocery & gourmet foods,All Grocery,https://m.media-amazon.com/images/I/71CJHHfTpYL.jpg,https://www.amazon.in/dp/B0001648,4.4,1200,52,60,red chilli powder
Everest Kashmiri Red Chilli Powder 100g,grocery & gourmet foods,All Grocery,https://www.bbassets.com/media/uploads/p/l/269285_3-everest-powder-kashmirilal-ground-chilly.jpg,https://www.amazon.in/dp/B0001649,4.4,1100,52,60,red chilli powder
Fresho Spicy Green Chilli Local 200g,grocery & gourmet foods,All Grocery,https://www.bbassets.com/media/uploads/p/xl/20000718-4_2-fresho-chilli-green-short-hot.jpg,https://www.amazon.in/dp/B0001659,4.2,1800,28,38,green chilli
Fresho Premium Exotic Broccoli 1kg,grocery & gourmet foods,All Grocery,https://www.bbassets.com/media/uploads/p/l/10000661_7-fresho-broccoli.jpg,https://www.amazon.in/dp/B0001666,4.4,1500,185,225,broccoli
Fresho Green Iceberg Lettuce 200g,grocery & gourmet foods,All Grocery,https://www.bbassets.com/media/uploads/p/l/40211681_4-fresho-lettuce-iceberg-green-hydroponically-grown.jpg,https://www.amazon.in/dp/B0001667,4.2,1100,55,70,lettuce
Cycle Three in One Agarbatti Incense Sticks 300g,grocery & gourmet foods,All Grocery,https://cycle.in/cdn/shop/files/3in1-1000x1000_07df39b2-76d8-4a3e-970f-1f94e1c019ff.jpg?v=1723893185&width=480,https://www.amazon.in/dp/B0001694,4.4,1100,185,225,incense sticks
Mangaldeep Pure Camphor Bhimseni Kapur 100g,grocery & gourmet foods,All Grocery,"https://m.media-amazon.com/images/I/813K4E3VDVL._AC_UF350,350_QL80_.jpg",https://www.amazon.in/dp/B0001696,4.5,1400,175,200,camphor
Chavi Safety Matchbox Pack of 20,grocery & gourmet foods,All Grocery,https://dukaan.b-cdn.net/700x700/webp/354666/4587ebdf-dfee-4d2e-9f40-2af423174e5e.png,https://www.amazon.in/dp/B0001697,4.2,1800,32,38,matchbox
Mangaldeep Round Cotton Wicks for Diya 200 units,grocery & gourmet foods,All Grocery,"https://m.media-amazon.com/images/I/61EpWj0ih1L._AC_UF894,1000_QL80_.jpg",https://www.amazon.in/dp/B0001698,4.3,1500,52,65,cotton wicks
Puja Diya Brass Pooja Oil Yellow 1L,grocery & gourmet foods,All Grocery,"https://m.media-amazon.com/images/I/618Ap5poFoL._AC_UF894,1000_QL80_.jpg",https://www.amazon.in/dp/B0001699,4.2,2100,270,320,pooja oil
Classy Disposable White Paper Plates Pack of 50,grocery & gourmet foods,All Grocery,https://luska.in/cdn/shop/files/2_284b0d2a-da47-4e41-a7a0-b3632e962df2.jpg?v=1732694203&width=1445,https://www.amazon.in/dp/B0001749,4.1,6100,110,135,paper plates
Fresho Premium Exotic Broccoli 2kg,grocery & gourmet foods,All Grocery,https://www.bbassets.com/media/uploads/p/l/10000661_7-fresho-broccoli.jpg,https://www.amazon.in/dp/B0001816,4.4,1500,360,430,broccoli
Fresho Premium Exotic Broccoli 4kg,grocery & gourmet foods,All Grocery,https://www.bbassets.com/media/uploads/p/l/10000661_7-fresho-broccoli.jpg,https://www.amazon.in/dp/B0001976,4.4,1500,699,850,broccoli
Fresho Premium Exotic Broccoli 2kg,grocery & gourmet foods,All Grocery,https://www.bbassets.com/media/uploads/p/l/10000661_7-fresho-broccoli.jpg,https://www.amazon.in/dp/B0002129,4.4,3100,360,430,broccoli
Fresho Premium Exotic Broccoli 2kg,grocery & gourmet foods,All Grocery,https://www.bbassets.com/media/uploads/p/l/10000661_7-fresho-broccoli.jpg,https://www.amazon.in/dp/B0002282,4.4,3100,360,430,broccoli
Fresho Premium Exotic Broccoli 2kg,grocery & gourmet foods,All Grocery,https://www.bbassets.com/media/uploads/p/l/10000661_7-fresho-broccoli.jpg,https://www.amazon.in/dp/B0002470,4.4,1500,360,430,broccoli
Fresho Premium Exotic Broccoli organic 4kg,grocery & gourmet foods,All Grocery,https://www.bbassets.com/media/uploads/p/l/10000661_7-fresho-broccoli.jpg,https://www.amazon.in/dp/B0002703,4.4,1500,699,850,broccoli
Fresho Premium Exotic Broccoli local 2kg,grocery & gourmet foods,All Grocery,https://www.bbassets.com/media/uploads/p/l/10000661_7-fresho-broccoli.jpg,https://www.amazon.in/dp/B0002856,4.4,3100,360,430,broccoli
Mangaldeep Pure Camphor Bhimseni Kapur 200g,grocery & gourmet foods,All Grocery,"https://m.media-amazon.com/images/I/813K4E3VDVL._AC_UF350,350_QL80_.jpg",https://www.amazon.in/dp/B0001846,4.5,1400,320,370,camphor
Mangaldeep Pure Camphor Bhimseni Kapur 400g,grocery & gourmet foods,All Grocery,"https://m.media-amazon.com/images/I/813K4E3VDVL._AC_UF350,350_QL80_.jpg",https://www.amazon.in/dp/B0002006,4.5,1400,599,690,camphor
Mangaldeep Pure Camphor Bhimseni Kapur 200g,grocery & gourmet foods,All Grocery,"https://m.media-amazon.com/images/I/813K4E3VDVL._AC_UF350,350_QL80_.jpg",https://www.amazon.in/dp/B0002159,4.5,1100,320,370,camphor
Mangaldeep Pure Camphor Bhimseni Kapur 400g,grocery & gourmet foods,All Grocery,"https://m.media-amazon.com/images/I/813K4E3VDVL._AC_UF350,350_QL80_.jpg",https://www.amazon.in/dp/B0002500,4.5,1400,599,690,camphor
Mangaldeep Pure Camphor Bhimseni Kapur box 400g,grocery & gourmet foods,All Grocery,"https://m.media-amazon.com/images/I/813K4E3VDVL._AC_UF350,350_QL80_.jpg",https://www.amazon.in/dp/B0002733,4.5,1400,599,690,camphor
Mangaldeep Pure Camphor Bhimseni Kapur wellness 200g,grocery & gourmet foods,All Grocery,"https://m.media-amazon.com/images/I/813K4E3VDVL._AC_UF350,350_QL80_.jpg",https://www.amazon.in/dp/B0002886,4.5,1100,320,370,camphor
Morde Milk Chocolate Chips Pack baking sweet 150g,grocery & gourmet foods,All Grocery,https://sweetkraft.com/cdn/shop/files/photo_2023-09-07_14-09-26.jpg?v=1694076004&width=1445,https://www.amazon.in/dp/B0002934,4.3,2100,110,130,chocolate
Coca-Cola Soft Drink 1.25L,grocery & gourmet foods,All Grocery,https://www.bbassets.com/media/uploads/p/l/265726_13-coca-cola-soft-drink-original-taste.jpg,https://www.amazon.in/dp/B0001759,4.4,18500,68,75,cold drink
Diet Pepsi Soft Drink Can 300ml Pack of 6,grocery & gourmet foods,All Grocery,https://m.media-amazon.com/images/I/61LQTrLmfkL.jpg,https://www.amazon.in/dp/B0001760,4.3,11400,210,240,cold drink
Diet Pepsi Soft Drink Can 300ml Pack of 12,grocery & gourmet foods,All Grocery,https://m.media-amazon.com/images/I/61LQTrLmfkL.jpg,https://www.amazon.in/dp/B0001909,4.3,11400,395,450,cold drink
Coca-Cola Original Taste Can 300ml Pack of 12,grocery & gourmet foods,All Grocery,https://m.media-amazon.com/images/I/71tTYGmAMGL.jpg,https://www.amazon.in/dp/B0001910,4.4,18500,395,450,cold drink
Coca-Cola Soft Drink Can 300ml Pack of 24,grocery & gourmet foods,All Grocery,https://m.media-amazon.com/images/I/71tTYGmAMGL.jpg,https://www.amazon.in/dp/B0002069,4.4,14200,750,899,cold drink
Diet Coke Can 300ml Pack of 24,grocery & gourmet foods,All Grocery,https://www.bbassets.com/media/uploads/p/l/100401162_20-coca-cola-diet-coke-soft-drink.jpg,https://www.amazon.in/dp/B0002070,4.3,11500,750,899,cold drink
Diet Pepsi Soft Drink Can 300ml Pack of 24,grocery & gourmet foods,All Grocery,https://m.media-amazon.com/images/I/61LQTrLmfkL.jpg,https://www.amazon.in/dp/B0002222,4.3,14200,750,899,cold drink
Coca-Cola Original Taste Can 300ml Pack of 24,grocery & gourmet foods,All Grocery,https://m.media-amazon.com/images/I/71tTYGmAMGL.jpg,https://www.amazon.in/dp/B0002223,4.4,18500,750,899,cold drink
Diet Coke Refreshing Soft Drink 1.25L,grocery & gourmet foods,All Grocery,https://encrypted-tbn0.gstatic.com/images?q=tbn:ANd9GcTxapYJ9lA-RYO102uOrxnGT5X_BuKDFI6vLg&s,https://www.amazon.in/dp/B0002415,4.3,1400,68,75,cold drink
Coca-Cola Soft Drink 1.25L,grocery & gourmet foods,All Grocery,https://www.bbassets.com/media/uploads/p/l/265726_13-coca-cola-soft-drink-original-taste.jpg,https://www.amazon.in/dp/B0002555,4.4,18500,68,75,cold drink
Diet Pepsi Soft Drink Can 300ml Pack of 6,grocery & gourmet foods,All Grocery,https://m.media-amazon.com/images/I/61LQTrLmfkL.jpg,https://www.amazon.in/dp/B0002556,4.3,11400,210,240,cold drink
Coca-Cola Soft Drink can 300ml Pack of 6,grocery & gourmet foods,All Grocery,https://m.media-amazon.com/images/I/71tTYGmAMGL.jpg,https://www.amazon.in/dp/B0002646,4.4,1500,210,240,cold drink
Diet Coke Can refreshing soft drink 300ml Pack of 6,grocery & gourmet foods,All Grocery,https://www.bbassets.com/media/uploads/p/l/100401162_20-coca-cola-diet-coke-soft-drink.jpg,https://www.amazon.in/dp/B0002647,4.3,2100,210,240,cold drink
Coca-Cola Soft Drink Can 300ml Pack of 24 bundle,grocery & gourmet foods,All Grocery,https://m.media-amazon.com/images/I/71tTYGmAMGL.jpg,https://www.amazon.in/dp/B0002796,4.4,14200,750,899,cold drink
Diet Coke Can 300ml Pack of 24 bundle,grocery & gourmet foods,All Grocery,https://www.bbassets.com/media/uploads/p/l/100401162_20-coca-cola-diet-coke-soft-drink.jpg,https://www.amazon.in/dp/B0002797,4.3,11500,750,899,cold drink
Diet Coke Refreshing Soft Drink zero sugar 1.25L,grocery & gourmet foods,All Grocery,https://i5.walmartimages.com/asr/7f7e538a-c12e-431f-8c87-f27909475e54.9abdf37bc53a41c3c32fda2a97e123f9.jpeg,https://www.amazon.in/dp/B0002935,4.3,1900,68,75,cold drink
Mangaldeep Round Cotton Wicks for Diya 400 units,grocery & gourmet foods,All Grocery,https://encrypted-tbn0.gstatic.com/images?q=tbn:ANd9GcRqYmdTIqH8A7Nsx2ODBAjF7htRAnJ_zxRIsw&s,https://www.amazon.in/dp/B0001848,4.3,1500,99,120,cotton wicks
Mangaldeep Round Cotton Wicks for Diya 800 units,grocery & gourmet foods,All Grocery,https://encrypted-tbn0.gstatic.com/images?q=tbn:ANd9GcRqYmdTIqH8A7Nsx2ODBAjF7htRAnJ_zxRIsw&s,https://www.amazon.in/dp/B0002008,4.3,1500,185,225,cotton wicks
Mangaldeep Round Cotton Wicks for Diya 400 units,grocery & gourmet foods,All Grocery,https://encrypted-tbn0.gstatic.com/images?q=tbn:ANd9GcRqYmdTIqH8A7Nsx2ODBAjF7htRAnJ_zxRIsw&s,https://www.amazon.in/dp/B0002161,4.3,1800,99,120,cotton wicks
Mangaldeep Round Cotton Wicks for Diya pack of 800,grocery & gourmet foods,All Grocery,https://encrypted-tbn0.gstatic.com/images?q=tbn:ANd9GcRqYmdTIqH8A7Nsx2ODBAjF7htRAnJ_zxRIsw&s,https://www.amazon.in/dp/B0002735,4.3,1500,52,65,cotton wicks
Mangaldeep Round Cotton Wicks for Diya cotton pack of 400,grocery & gourmet foods,All Grocery,https://encrypted-tbn0.gstatic.com/images?q=tbn:ANd9GcRqYmdTIqH8A7Nsx2ODBAjF7htRAnJ_zxRIsw&s,https://www.amazon.in/dp/B0002888,4.3,1800,99,120,cotton wicks
Fresho Spicy Green Chilli Local 500g,grocery & gourmet foods,All Grocery,https://www.bbassets.com/media/uploads/p/xl/20000718-4_2-fresho-chilli-green-short-hot.jpg,https://www.amazon.in/dp/B0001809,4.2,1800,65,85,green chilli
Fresho Spicy Green Chilli Local 1kg,grocery & gourmet foods,All Grocery,https://www.bbassets.com/media/uploads/p/xl/20000718-4_2-fresho-chilli-green-short-hot.jpg,https://www.amazon.in/dp/B0001969,4.2,1400,110,150,green chilli
Fresho Spicy Green Chilli Local 200g,grocery & gourmet foods,All Grocery,https://www.bbassets.com/media/uploads/p/xl/20000718-4_2-fresho-chilli-green-short-hot.jpg,https://www.amazon.in/dp/B0002122,4.2,1100,28,38,green chilli
Fresho Spicy Green Chilli Local 200g,grocery & gourmet foods,All Grocery,https://www.bbassets.com/media/uploads/p/xl/20000718-4_2-fresho-chilli-green-short-hot.jpg,https://www.amazon.in/dp/B0002275,4.2,1100,28,38,green chilli
Fresho Spicy Green Chilli Local 500g,grocery & gourmet foods,All Grocery,https://www.bbassets.com/media/uploads/p/xl/20000718-4_2-fresho-chilli-green-short-hot.jpg,https://www.amazon.in/dp/B0002463,4.2,1800,65,85,green chilli
Fresho Spicy Green Chilli Local organic 1kg,grocery & gourmet foods,All Grocery,https://www.bbassets.com/media/uploads/p/xl/20000718-4_2-fresho-chilli-green-short-hot.jpg,https://www.amazon.in/dp/B0002696,4.2,1400,110,150,green chilli
Fresho Spicy Green Chilli Local fresh 200g,grocery & gourmet foods,All Grocery,https://www.bbassets.com/media/uploads/p/xl/20000718-4_2-fresho-chilli-green-short-hot.jpg,https://www.amazon.in/dp/B0002849,4.2,1100,28,38,green chilli
Cycle Three in One Agarbatti Incense Sticks 600g,grocery & gourmet foods,All Grocery,https://cycle.in/cdn/shop/files/3in1-1000x1000_07df39b2-76d8-4a3e-970f-1f94e1c019ff.jpg?v=1723893185&width=480,https://www.amazon.in/dp/B0001844,4.4,1100,345,399,incense sticks
Cycle Three in One Agarbatti Incense Sticks 1.2kg,grocery & gourmet foods,All Grocery,https://cycle.in/cdn/shop/files/3in1-1000x1000_07df39b2-76d8-4a3e-970f-1f94e1c019ff.jpg?v=1723893185&width=481,https://www.amazon.in/dp/B0002004,4.4,1100,650,750,incense sticks
Cycle Three in One Agarbatti Incense Sticks 600g,grocery & gourmet foods,All Grocery,https://cycle.in/cdn/shop/files/3in1-1000x1000_07df39b2-76d8-4a3e-970f-1f94e1c019ff.jpg?v=1723893185&width=482,https://www.amazon.in/dp/B0002157,4.4,1200,345,399,incense sticks
Cycle Three in One Agarbatti Incense Sticks 1.2kg,grocery & gourmet foods,All Grocery,https://cycle.in/cdn/shop/files/3in1-1000x1000_07df39b2-76d8-4a3e-970f-1f94e1c019ff.jpg?v=1723893185&width=483,https://www.amazon.in/dp/B0002498,4.4,1100,650,750,incense sticks
Cycle Three in One Agarbatti Incense Sticks box 1.2kg,grocery & gourmet foods,All Grocery,https://cycle.in/cdn/shop/files/3in1-1000x1000_07df39b2-76d8-4a3e-970f-1f94e1c019ff.jpg?v=1723893185&width=484,https://www.amazon.in/dp/B0002731,4.4,1100,650,750,incense sticks
Cycle Three in One Agarbatti Incense Sticks fragrance 600g,grocery & gourmet foods,All Grocery,https://cycle.in/cdn/shop/files/3in1-1000x1000_07df39b2-76d8-4a3e-970f-1f94e1c019ff.jpg?v=1723893185&width=485,https://www.amazon.in/dp/B0002884,4.4,1200,345,399,incense sticks
Fresho Green Iceberg Lettuce 400g,grocery & gourmet foods,All Grocery,https://www.bbassets.com/media/uploads/p/l/40211681_4-fresho-lettuce-iceberg-green-hydroponically-grown.jpg,https://www.amazon.in/dp/B0001817,4.2,1100,105,135,lettuce
Fresho Green Iceberg Lettuce 800g,grocery & gourmet foods,All Grocery,https://www.bbassets.com/media/uploads/p/l/40211681_4-fresho-lettuce-iceberg-green-hydroponically-grown.jpg,https://www.amazon.in/dp/B0001977,4.2,1100,199,260,lettuce
Fresho Green Crisp Lettuce 400g,grocery & gourmet foods,All Grocery,https://www.bbassets.com/media/uploads/p/l/40211681_4-fresho-lettuce-iceberg-green-hydroponically-grown.jpg,https://www.amazon.in/dp/B0002130,4.2,1900,85,110,lettuce
Fresho Green Crisp Lettuce 400g,grocery & gourmet foods,All Grocery,https://www.bbassets.com/media/uploads/p/l/40211681_4-fresho-lettuce-iceberg-green-hydroponically-grown.jpg,https://www.amazon.in/dp/B0002283,4.2,1900,85,110,lettuce
Fresho Green Iceberg Lettuce 400g,grocery & gourmet foods,All Grocery,https://www.bbassets.com/media/uploads/p/l/40211681_4-fresho-lettuce-iceberg-green-hydroponically-grown.jpg,https://www.amazon.in/dp/B0002471,4.2,1100,105,135,lettuce
Fresho Green Iceberg Lettuce organic 800g,grocery & gourmet foods,All Grocery,https://www.bbassets.com/media/uploads/p/l/40211681_4-fresho-lettuce-iceberg-green-hydroponically-grown.jpg,https://www.amazon.in/dp/B0002704,4.2,1100,199,260,lettuce
Fresho Green Crisp Lettuce local 400g,grocery & gourmet foods,All Grocery,https://www.bbassets.com/media/uploads/p/l/40211681_4-fresho-lettuce-iceberg-green-hydroponically-grown.jpg,https://www.amazon.in/dp/B0002857,4.2,1900,85,110,lettuce
Chavi Safety Matchbox Pack of 40,grocery & gourmet foods,All Grocery,https://dukaan.b-cdn.net/700x700/webp/354666/4587ebdf-dfee-4d2e-9f40-2af423174e5e.png,https://www.amazon.in/dp/B0001847,4.2,1800,60,75,matchbox
Chavi Safety Matchbox Pack of 80,grocery & gourmet foods,All Grocery,https://dukaan.b-cdn.net/700x700/webp/354666/4587ebdf-dfee-4d2e-9f40-2af423174e5e.png,https://www.amazon.in/dp/B0002007,4.2,1800,110,135,matchbox
Chavi Safety Matchbox Pack of 40,grocery & gourmet foods,All Grocery,https://dukaan.b-cdn.net/700x700/webp/354666/4587ebdf-dfee-4d2e-9f40-2af423174e5e.png,https://www.amazon.in/dp/B0002160,4.2,1300,60,75,matchbox
Chavi Safety Matchbox Pack of 80,grocery & gourmet foods,All Grocery,https://dukaan.b-cdn.net/700x700/webp/354666/4587ebdf-dfee-4d2e-9f40-2af423174e5e.png,https://www.amazon.in/dp/B0002734,4.2,1800,110,135,matchbox
Chavi Safety Matchbox Pack of 40 safe,grocery & gourmet foods,All Grocery,https://dukaan.b-cdn.net/700x700/webp/354666/4587ebdf-dfee-4d2e-9f40-2af423174e5e.png,https://www.amazon.in/dp/B0002887,4.2,1300,60,75,matchbox
Homelites Extra Long Matchbox 1 pc,Lifestyle & Essentials,Household Consumables,https://www.quickpantry.in/cdn/shop/products/home-lite-matchbox-1-pc-quick-pantry.jpg?v=1710538292,https://blinkit.com/prn/homelites-long/10321,4.8,50000,10,10,matchbox
Homelites Premium Matchbox Pack of 6,Lifestyle & Essentials,Household Consumables,https://www.quickpantry.in/cdn/shop/products/home-lite-matchbox-1-pc-quick-pantry.jpg?v=1710538292,https://www.zeptonow.com/pn/homelites-6pack/10322,4.7,42000,30,30,matchbox
Ship Safety Matches Pack of 10,Lifestyle & Essentials,Household Consumables,"https://m.media-amazon.com/images/I/51CV25I0lZL._AC_UF350,350_QL80_.jpg",https://blinkit.com/prn/ship-10pack/10323,4.6,35000,20,20,matchbox
Aim Safety Matches Pack of 10,Lifestyle & Essentials,Household Consumables,https://img.clevup.in/359659/51YWPSTzhAL_SR600315_PIWhiteStripBottomLeft035_PIStarRatingFOURBottomLeft360-6_SR600315_ZA95445290400400AmazonEmberBold124005_SCLZZZZZZZ_FMpng_BG255255255-1715319217709.png?width=600&format=webp,https://www.zeptonow.com/pn/aim-10pack/10324,4.5,28000,20,20,matchbox
Kissan Safety Matches Pack of 10,Lifestyle & Essentials,Household Consumables,https://5.imimg.com/data5/SELLER/Default/2023/11/361522540/NF/UZ/EG/182858087/new-product-500x500.jpeg,https://blinkit.com/prn/kissan-10pack/10325,4.4,15000,20,20,matchbox
Homelites Karpooram Matchbox 1 pc,Lifestyle & Essentials,Household Consumables,https://www.quickpantry.in/cdn/shop/products/home-lite-matchbox-1-pc-quick-pantry.jpg?v=1710538292,https://www.zeptonow.com/pn/homelites-karp/10326,4.6,18000,15,15,matchbox
Chavi Safety Matches Pack of 10,Lifestyle & Essentials,Household Consumables,https://dukaan.b-cdn.net/700x700/webp/354666/4587ebdf-dfee-4d2e-9f40-2af423174e5e.png,https://blinkit.com/prn/chavi-10pack/10327,4.3,12000,20,20,matchbox
Homelites Waterproof Matches 1 pc,Lifestyle & Essentials,Household Consumables,https://www.quickpantry.in/cdn/shop/products/home-lite-matchbox-1-pc-quick-pantry.jpg?v=1710538292,https://www.zeptonow.com/pn/homelites-water/10328,4.7,8900,25,30,matchbox
Ship Wax Matches Pack of 10,Lifestyle & Essentials,Household Consumables,"https://m.media-amazon.com/images/I/51CV25I0lZL._AC_UF350,350_QL80_.jpg",https://blinkit.com/prn/ship-wax/10329,4.5,14000,25,25,matchbox
Aim Extra Long Matches 1 pc,Lifestyle & Essentials,Household Consumables,https://img.clevup.in/359659/51YWPSTzhAL_SR600315_PIWhiteStripBottomLeft035_PIStarRatingFOURBottomLeft360-6_SR600315_ZA95445290400400AmazonEmberBold124005_SCLZZZZZZZ_FMpng_BG255255255-1715319217709.png?width=600&format=webp,https://www.zeptonow.com/pn/aim-long/10330,4.6,9500,15,15,matchbox
Classy Disposable White Paper Plates Pack of 100,grocery & gourmet foods,All Grocery,https://luska.in/cdn/shop/files/2_284b0d2a-da47-4e41-a7a0-b3632e962df2.jpg?v=1732694203&width=1445,https://www.amazon.in/dp/B0001899,4.1,6100,199,245,paper plates
Classy Disposable White Paper Plates Pack of 200,grocery & gourmet foods,All Grocery,https://luska.in/cdn/shop/files/2_284b0d2a-da47-4e41-a7a0-b3632e962df2.jpg?v=1732694203&width=1446,https://www.amazon.in/dp/B0002059,4.1,6100,360,450,paper plates
Classy Disposable White Paper Plates Pack of 200,grocery & gourmet foods,All Grocery,https://luska.in/cdn/shop/files/2_284b0d2a-da47-4e41-a7a0-b3632e962df2.jpg?v=1732694203&width=1447,https://www.amazon.in/dp/B0002212,4.1,1800,360,450,paper plates
Party Disposable White Paper Plates Pack of 50,grocery & gourmet foods,All Grocery,https://luska.in/cdn/shop/files/2_284b0d2a-da47-4e41-a7a0-b3632e962df2.jpg?v=1732694203&width=1448,https://www.amazon.in/dp/B0002405,4.1,1500,110,135,paper plates
Classy Disposable White Paper Plates Pack of 50,grocery & gourmet foods,All Grocery,https://luska.in/cdn/shop/files/2_284b0d2a-da47-4e41-a7a0-b3632e962df2.jpg?v=1732694203&width=1449,https://www.amazon.in/dp/B0002545,4.1,6100,110,135,paper plates
Party Disposable White Paper Plates premium Pack of 100,grocery & gourmet foods,All Grocery,https://luska.in/cdn/shop/files/2_284b0d2a-da47-4e41-a7a0-b3632e962df2.jpg?v=1732694203&width=1450,https://www.amazon.in/dp/B0002636,4.1,1300,199,245,paper plates
Classy Disposable White Paper Plates pack 200 units,grocery & gourmet foods,All Grocery,https://luska.in/cdn/shop/files/2_284b0d2a-da47-4e41-a7a0-b3632e962df2.jpg?v=1732694203&width=1451,https://www.amazon.in/dp/B0002786,4.1,1800,360,450,paper plates
Classy Disposable Clear Plastic Cups Pack of 100,grocery & gourmet foods,All Grocery,https://i5.walmartimages.com/seo/BagDream-50-Pack-20-oz-Clear-Plastic-Cups-with-Lids-Disposable-Clear-Drink-Cups-with-Lids-for-Party_032e7fba-a4bb-4712-877f-1dcd80bcdfdf.a4f7ee6d4f1a9cefd37f59eebe61d35c.jpeg,https://www.amazon.in/dp/B0001750,4.2,3100,110,135,plastic cups
Classy Disposable Clear Plastic Cups Pack of 200,grocery & gourmet foods,All Grocery,https://i5.walmartimages.com/seo/BagDream-50-Pack-20-oz-Clear-Plastic-Cups-with-Lids-Disposable-Clear-Drink-Cups-with-Lids-for-Party_032e7fba-a4bb-4712-877f-1dcd80bcdfdf.a4f7ee6d4f1a9cefd37f59eebe61d35c.jpeg,https://www.amazon.in/dp/B0001900,4.2,3100,199,245,plastic cups
Classy Disposable Clear Plastic Cups Pack of 400,grocery & gourmet foods,All Grocery,https://i5.walmartimages.com/seo/BagDream-50-Pack-20-oz-Clear-Plastic-Cups-with-Lids-Disposable-Clear-Drink-Cups-with-Lids-for-Party_032e7fba-a4bb-4712-877f-1dcd80bcdfdf.a4f7ee6d4f1a9cefd37f59eebe61d35c.jpeg,https://www.amazon.in/dp/B0002060,4.2,3100,360,450,plastic cups
Classy Disposable Clear Plastic Cups Pack of 400,grocery & gourmet foods,All Grocery,https://i5.walmartimages.com/seo/BagDream-50-Pack-20-oz-Clear-Plastic-Cups-with-Lids-Disposable-Clear-Drink-Cups-with-Lids-for-Party_032e7fba-a4bb-4712-877f-1dcd80bcdfdf.a4f7ee6d4f1a9cefd37f59eebe61d35c.jpeg,https://www.amazon.in/dp/B0002213,4.2,1500,360,450,plastic cups
Party Disposable Clear Plastic Cups Pack of 100,grocery & gourmet foods,All Grocery,https://i5.walmartimages.com/seo/BagDream-50-Pack-20-oz-Clear-Plastic-Cups-with-Lids-Disposable-Clear-Drink-Cups-with-Lids-for-Party_032e7fba-a4bb-4712-877f-1dcd80bcdfdf.a4f7ee6d4f1a9cefd37f59eebe61d35c.jpeg,https://www.amazon.in/dp/B0002406,4.2,1200,110,135,plastic cups
Classy Disposable Clear Plastic Cups Pack of 100,grocery & gourmet foods,All Grocery,https://i5.walmartimages.com/seo/BagDream-50-Pack-20-oz-Clear-Plastic-Cups-with-Lids-Disposable-Clear-Drink-Cups-with-Lids-for-Party_032e7fba-a4bb-4712-877f-1dcd80bcdfdf.a4f7ee6d4f1a9cefd37f59eebe61d35c.jpeg,https://www.amazon.in/dp/B0002546,4.2,3100,110,135,plastic cups
Party Disposable Clear Plastic Cups premium Pack of 200,grocery & gourmet foods,All Grocery,https://i5.walmartimages.com/seo/BagDream-50-Pack-20-oz-Clear-Plastic-Cups-with-Lids-Disposable-Clear-Drink-Cups-with-Lids-for-Party_032e7fba-a4bb-4712-877f-1dcd80bcdfdf.a4f7ee6d4f1a9cefd37f59eebe61d35c.jpeg,https://www.amazon.in/dp/B0002637,4.2,1800,199,245,plastic cups
Classy Disposable Clear Plastic Cups pack 400 units,grocery & gourmet foods,All Grocery,https://i5.walmartimages.com/seo/BagDream-50-Pack-20-oz-Clear-Plastic-Cups-with-Lids-Disposable-Clear-Drink-Cups-with-Lids-for-Party_032e7fba-a4bb-4712-877f-1dcd80bcdfdf.a4f7ee6d4f1a9cefd37f59eebe61d35c.jpeg,https://www.amazon.in/dp/B0002787,4.2,1500,360,450,plastic cups
Classy Disposable Clear Plastic Cups Pack of 100,grocery & gourmet foods,All Grocery,https://i5.walmartimages.com/seo/BagDream-50-Pack-20-oz-Clear-Plastic-Cups-with-Lids-Disposable-Clear-Drink-Cups-with-Lids-for-Party_032e7fba-a4bb-4712-877f-1dcd80bcdfdf.a4f7ee6d4f1a9cefd37f59eebe61d35c.jpeg,https://www.amazon.in/dp/B0002926,4.2,1300,110,135,plastic cups
Puja Diya Brass Pooja Oil Yellow 2L,grocery & gourmet foods,All Grocery,"https://m.media-amazon.com/images/I/618Ap5poFoL._AC_UF894,1000_QL80_.jpg",https://www.amazon.in/dp/B0001849,4.2,2100,499,580,pooja oil
Puja Diya Brass Pooja Oil Yellow 4L,grocery & gourmet foods,All Grocery,"https://m.media-amazon.com/images/I/618Ap5poFoL._AC_UF894,1000_QL80_.jpg",https://www.amazon.in/dp/B0002009,4.2,2100,899,1050,pooja oil
Puja Diya Brass Pooja Oil Yellow 2L,grocery & gourmet foods,All Grocery,"https://m.media-amazon.com/images/I/618Ap5poFoL._AC_UF894,1000_QL80_.jpg",https://www.amazon.in/dp/B0002162,4.2,1500,499,580,pooja oil
Puja Diya Brass Pooja Oil Yellow bottle 4L,grocery & gourmet foods,All Grocery,"https://m.media-amazon.com/images/I/618Ap5poFoL._AC_UF894,1000_QL80_.jpg",https://www.amazon.in/dp/B0002736,4.2,2100,899,1050,pooja oil
Puja Diya Brass Pooja Oil Yellow pure 2L,grocery & gourmet foods,All Grocery,"https://m.media-amazon.com/images/I/618Ap5poFoL._AC_UF894,1000_QL80_.jpg",https://www.amazon.in/dp/B0002889,4.2,1500,499,580,pooja oil
Tata Sampann Kashmiri Red Chilli Powder 500g,grocery & gourmet foods,All Grocery,https://m.media-amazon.com/images/I/71CJHHfTpYL.jpg,https://www.amazon.in/dp/B0001797,4.4,1500,225,255,red chilli powder
Tata Sampann Kashmiri Red Chilli Powder 200g,grocery & gourmet foods,All Grocery,https://m.media-amazon.com/images/I/71CJHHfTpYL.jpg,https://www.amazon.in/dp/B0001798,4.4,1200,95,110,red chilli powder
Everest Kashmiri Red Chilli Powder 200g,grocery & gourmet foods,All Grocery,https://www.bbassets.com/media/uploads/p/l/269285_3-everest-powder-kashmirilal-ground-chilly.jpg,https://www.amazon.in/dp/B0001799,4.4,1100,95,110,red chilli powder
Catch Kashmiri Red Chilli Powder 1kg,grocery & gourmet foods,All Grocery,"https://m.media-amazon.com/images/I/61GfAp23bYL._AC_UF894,1000_QL80_.jpg",https://www.amazon.in/dp/B0001957,4.4,2100,420,480,red chilli powder
Tata Sampann Kashmiri Red Chilli Powder 500g,grocery & gourmet foods,All Grocery,https://m.media-amazon.com/images/I/71CJHHfTpYL.jpg,https://www.amazon.in/dp/B0001958,4.4,1900,225,255,red chilli powder
Everest Kashmiri Red Chilli Powder 500g,grocery & gourmet foods,All Grocery,https://www.bbassets.com/media/uploads/p/l/269285_3-everest-powder-kashmirilal-ground-chilly.jpg,https://www.amazon.in/dp/B0001959,4.4,3200,225,255,red chilli powder
Catch Red Chilli Powder Spiced 400g,grocery & gourmet foods,All Grocery,"https://m.media-amazon.com/images/I/61GfAp23bYL._AC_UF894,1000_QL80_.jpg",https://www.amazon.in/dp/B0002113,4.3,1400,130,150,red chilli powder
Catch Red Chilli Powder Spiced 400g,grocery & gourmet foods,All Grocery,"https://m.media-amazon.com/images/I/61GfAp23bYL._AC_UF894,1000_QL80_.jpg",https://www.amazon.in/dp/B0002266,4.3,1400,130,150,red chilli powder
Tata Sampann Kashmiri Red Chilli Powder 500g,grocery & gourmet foods,All Grocery,https://m.media-amazon.com/images/I/71CJHHfTpYL.jpg,https://www.amazon.in/dp/B0002451,4.4,1500,225,255,red chilli powder
Tata Sampann Kashmiri Red Chilli Powder 200g,grocery & gourmet foods,All Grocery,https://m.media-amazon.com/images/I/71CJHHfTpYL.jpg,https://www.amazon.in/dp/B0002452,4.4,1200,95,110,red chilli powder
Everest Kashmiri Red Chilli Powder 200g,grocery & gourmet foods,All Grocery,https://www.bbassets.com/media/uploads/p/l/269285_3-everest-powder-kashmirilal-ground-chilly.jpg,https://www.amazon.in/dp/B0002453,4.4,1100,95,110,red chilli powder
Catch Kashmiri Red Chilli Powder 1kg,grocery & gourmet foods,All Grocery,"https://m.media-amazon.com/images/I/61GfAp23bYL._AC_UF894,1000_QL80_.jpg",https://www.amazon.in/dp/B0002593,4.4,1500,420,480,red chilli powder
Tata Sampann Kashmiri Red Chilli Powder 500g,grocery & gourmet foods,All Grocery,https://m.media-amazon.com/images/I/71CJHHfTpYL.jpg,https://www.amazon.in/dp/B0002594,4.4,1200,225,255,red chilli powder
Everest Kashmiri Red Chilli Powder 500g,grocery & gourmet foods,All Grocery,https://www.bbassets.com/media/uploads/p/l/269285_3-everest-powder-kashmirilal-ground-chilly.jpg,https://www.amazon.in/dp/B0002595,4.4,1100,225,255,red chilli powder
Catch Kashmiri Red Chilli Powder spicy 1kg,grocery & gourmet foods,All Grocery,"https://m.media-amazon.com/images/I/61GfAp23bYL._AC_UF894,1000_QL80_.jpg",https://www.amazon.in/dp/B0002684,4.4,1900,420,480,red chilli powder
Tata Sampann Kashmiri Red Chilli Powder pure 500g,grocery & gourmet foods,All Grocery,https://m.media-amazon.com/images/I/71CJHHfTpYL.jpg,https://www.amazon.in/dp/B0002685,4.4,1500,225,255,red chilli powder
Everest Kashmiri Red Chilli Powder spicy 500g,grocery & gourmet foods,All Grocery,https://www.bbassets.com/media/uploads/p/l/269285_3-everest-powder-kashmirilal-ground-chilly.jpg,https://www.amazon.in/dp/B0002686,4.4,1200,225,255,red chilli powder
Catch Red Chilli Powder Spiced organic 400g,grocery & gourmet foods,All Grocery,"https://m.media-amazon.com/images/I/61GfAp23bYL._AC_UF894,1000_QL80_.jpg",https://www.amazon.in/dp/B0002840,4.3,1400,130,150,red chilli powder
Catch Pure Turmeric Powder Spiced 500g,grocery & gourmet foods,All Grocery,https://www.amazon.in/catch-Catch-Turmeric-Powder-200g/dp/B0154J83IC,https://www.amazon.in/dp/B0001796,4.3,1800,135,160,turmeric powder
Catch Pure Turmeric Powder Spiced 1kg,grocery & gourmet foods,All Grocery,https://www.amazon.in/catch-Catch-Turmeric-Powder-200g/dp/B0154J83IC,https://www.amazon.in/dp/B0001956,4.3,1500,245,285,turmeric powder
Tata Sampann Pure Turmeric Powder 400g,grocery & gourmet foods,All Grocery,https://m.media-amazon.com/images/I/61u6by5CoQL.jpg,https://www.amazon.in/dp/B0002112,4.4,1300,110,125,turmeric powder
Tata Sampann Pure Turmeric Powder 400g,grocery & gourmet foods,All Grocery,https://m.media-amazon.com/images/I/61u6by5CoQL.jpg,https://www.amazon.in/dp/B0002265,4.4,1300,110,125,turmeric powder
Catch Pure Turmeric Powder Spiced 500g,grocery & gourmet foods,All Grocery,https://www.amazon.in/catch-Catch-Turmeric-Powder-200g/dp/B0154J83IC,https://www.amazon.in/dp/B0002450,4.3,1800,135,160,turmeric powder
Catch Pure Turmeric Powder Spiced 1kg,grocery & gourmet foods,All Grocery,https://www.amazon.in/catch-Catch-Turmeric-Powder-200g/dp/B0154J83IC,https://www.amazon.in/dp/B0002592,4.3,1800,245,285,turmeric powder
Catch Pure Turmeric Powder Spiced organic 1kg,grocery & gourmet foods,All Grocery,https://www.amazon.in/catch-Catch-Turmeric-Powder-200g/dp/B0154J83IC,https://www.amazon.in/dp/B0002683,4.3,3100,245,285,turmeric powder
Tata Sampann Pure Turmeric Powder organic 400g,grocery & gourmet foods,All Grocery,https://m.media-amazon.com/images/I/61u6by5CoQL.jpg,https://www.amazon.in/dp/B0002839,4.4,1300,110,125,turmeric powder
